PLAYER,TOTAL_SCORE,CHEST_COUNT,Arachne's Swarm Epic squad,Arena,Clan wealth,Epic Ancient squad,Epic Chimera squad,Epic Inferno squad,Level 10 Citadel,Level 10 Crypt,Level 10 rare Crypt,Level 15 Citadel,Level 15 Crypt,Level 15 epic Crypt,Level 15 rare Crypt,Level 16 heroic Monster,Level 17 heroic Monster,Level 18 heroic Monster,Level 19 heroic Monster,Level 20 Citadel,Level 20 Crypt,Level 20 epic Crypt,Level 20 heroic Monster,Level 20 rare Crypt,Level 21 heroic Monster,Level 22 heroic Monster,Level 23 heroic Monster,Level 24 heroic Monster,Level 25 Citadel,Level 25 Crypt,Level 25 epic Crypt,Level 25 heroic Monster,Level 25 rare Crypt,Level 25-29 Vault of the Ancient,Level 26 heroic Monster,Level 27 heroic Monster,Level 28 heroic Monster,Level 29 heroic Monster,Level 30 Citadel,Level 30 epic Crypt,Level 30 rare Crypt,Level 30-34 Vault of the Ancient,Level 31 heroic Monster,Level 32 heroic Monster,Level 33 heroic Monster,Level 34 heroic Monster,Level 35 epic Crypt,Level 35 heroic Monster,Level 35-39 Vault of the Ancient,Level 36 heroic Monster,Level 37 heroic Monster,Level 38 heroic Monster,Level 39 heroic Monster,Level 40 heroic Monster,Level 40-44 Vault of the Ancient,Level 41 heroic Monster,Level 43 heroic Monster,Level 45 Vault of the Ancients,Level 45 heroic Monster,Level 5 Crypt,Mercenary Exchange,Mimic Chest,Rise of the Ancients event,Union of Triumph personal rew,Union of Triumph personal rew:
Megninad,23960,841,0,0,0,0,0,0,0,30,0,0,45,0,0,0,0,0,0,0,100,0,0,0,0,0,0,0,0,16200,0,0,100,0,0,0,0,0,510,0,1620,0,0,0,0,0,5355,0,0,0,0,0,0,0,0,0,0,0,0,0,0,0,0,0,0
Kajurus,21800,1036,0,0,0,0,0,0,0,0,0,0,15,0,0,0,0,0,0,0,0,180,0,0,0,0,0,0,0,4200,9150,0,2150,0,0,0,0,0,1950,450,3180,0,0,0,0,0,525,0,0,0,0,0,0,0,0,0,0,0,0,0,0,0,0,0,0
Court Jester Herzi,14260,491,0,0,0,0,0,0,0,0,0,0,0,0,0,0,0,0,0,0,0,0,0,0,0,0,0,0,100,6750,5700,0,150,0,0,0,0,0,0,0,1560,0,0,0,0,0,0,0,0,0,0,0,0,0,0,0,0,0,0,0,0,0,0,0,0
Pumuckl,12530,324,0,0,0,0,0,0,0,0,0,0,0,7290,0,0,0,0,0,20,360,1560,0,600,0,0,0,0,0,1550,300,0,850,0,0,0,0,0,0,0,0,0,0,0,0,0,0,0,0,0,0,0,0,0,0,0,0,0,0,0,0,0,0,0,0
Aragorn,12125,295,0,0,0,0,0,0,0,0,0,0,0,0,0,0,0,0,0,0,0,0,0,0,0,0,0,0,0,3450,4725,0,2900,0,0,0,0,0,0,0,0,0,0,0,0,0,1050,0,0,0,0,0,0,0,0,0,0,0,0,0,0,0,0,0,0
Django,11755,316,0,0,0,0,0,0,0,30,0,0,0,0,0,0,0,0,0,0,0,7200,0,0,0,0,0,0,0,2875,0,0,0,0,0,0,0,0,90,0,1560,0,0,0,0,0,0,0,0,0,0,0,0,0,0,0,0,0,0,0,0,0,0,0,0
Schmerztherapeut,11345,406,0,0,0,0,0,0,0,0,0,0,0,0,0,0,0,0,0,0,0,60,0,0,0,0,0,0,0,7475,225,0,0,0,0,0,0,0,0,900,2160,0,0,0,0,0,525,0,0,0,0,0,0,0,0,0,0,0,0,0,0,0,0,0,0
Bumblebee,10565,273,0,0,0,0,0,0,0,0,0,0,0,0,0,0,0,0,0,0,0,180,0,0,0,0,0,0,0,2225,3900,0,0,0,0,0,0,0,450,1350,2460,0,0,0,0,0,0,0,0,0,0,0,0,0,0,0,0,0,0,0,0,0,0,0,0
Nightfang,10205,720,0,0,0,0,0,0,0,0,0,0,0,0,0,0,0,0,0,0,0,720,0,0,0,0,0,0,0,5075,1500,0,1800,0,0,0,0,0,0,180,720,0,0,0,0,0,210,0,0,0,0,0,0,0,0,0,0,0,0,0,0,0,0,0,0
Sir Nightwoolf,9350,243,0,0,0,0,0,0,0,0,0,0,0,0,0,0,0,0,0,0,0,0,0,0,0,0,0,0,0,2050,1500,0,2200,0,0,0,0,0,0,2340,1260,0,0,0,0,0,0,0,0,0,0,0,0,0,0,0,0,0,0,0,0,0,0,0,0
Dexter,8910,302,0,0,0,0,0,0,0,0,0,0,0,0,0,0,0,0,0,0,0,4680,0,0,0,0,0,0,0,2850,0,0,0,0,0,0,0,0,0,0,1380,0,0,0,0,0,0,0,0,0,0,0,0,0,0,0,0,0,0,0,0,0,0,0,0
Daledeyl,8755,216,0,0,0,0,0,0,0,50,0,0,15,0,30,0,0,0,0,0,20,0,0,40,0,0,0,0,175,2125,4050,0,1500,0,0,0,0,0,0,270,480,0,0,0,0,0,0,0,0,0,0,0,0,0,0,0,0,0,0,0,0,0,0,0,0
GUARDIENoffHUNDER,8570,280,0,0,0,0,0,0,0,0,0,15,0,0,0,0,0,0,0,140,0,4380,0,40,0,0,0,0,275,2125,0,0,500,0,0,0,0,0,0,0,780,0,0,0,0,0,315,0,0,0,0,0,0,0,0,0,0,0,0,0,0,0,0,0,0
Elki,8515,265,0,0,0,0,0,0,0,0,0,0,0,0,0,0,0,0,0,0,0,0,0,0,0,0,0,0,0,4000,0,0,0,0,0,0,0,0,0,1800,2400,0,0,0,0,0,315,0,0,0,0,0,0,0,0,0,0,0,0,0,0,0,0,0,0
Moraron,8320,288,0,0,0,0,0,0,0,0,0,0,0,0,270,0,0,0,0,420,0,1620,0,360,0,0,0,0,50,3575,975,0,1050,0,0,0,0,0,0,0,0,0,0,0,0,0,0,0,0,0,0,0,0,0,0,0,0,0,0,0,0,0,0,0,0
Angus,8290,281,0,0,0,0,0,0,0,0,0,0,0,0,0,0,0,0,0,0,0,0,0,0,0,0,0,0,0,3000,1650,0,250,0,0,0,0,0,1440,810,1140,0,0,0,0,0,0,0,0,0,0,0,0,0,0,0,0,0,0,0,0,0,0,0,0
Iron Loyalty,8135,167,0,0,0,0,0,0,0,0,0,45,0,0,0,0,0,0,0,20,0,3660,0,0,0,0,0,0,0,300,900,0,3150,0,0,0,0,0,0,0,60,0,0,0,0,0,0,0,0,0,0,0,0,0,0,0,0,0,0,0,0,0,0,0,0
Tugo,8095,276,0,0,0,0,0,0,0,0,0,0,0,2205,0,0,0,0,0,0,3460,2280,0,0,0,0,0,0,0,0,150,0,0,0,0,0,0,0,0,0,0,0,0,0,0,0,0,0,0,0,0,0,0,0,0,0,0,0,0,0,0,0,0,0,0
Hammerschlag1,7600,254,0,0,0,0,0,0,0,60,0,45,15,0,60,0,0,0,0,20,20,1800,0,0,0,0,0,0,25,2950,525,0,550,0,0,0,0,0,450,630,240,0,0,0,0,0,210,0,0,0,0,0,0,0,0,0,0,0,0,0,0,0,0,0,0
Dwarf,7565,179,0,0,0,0,0,0,0,0,0,0,0,0,30,0,0,0,0,0,20,0,0,40,0,0,0,0,0,1700,3225,0,2550,0,0,0,0,0,0,0,0,0,0,0,0,0,0,0,0,0,0,0,0,0,0,0,0,0,0,0,0,0,0,0,0
Triple X,7530,244,0,0,0,0,0,0,0,0,0,0,0,0,0,0,0,0,0,0,1100,3660,0,40,0,0,0,0,0,1150,75,0,50,0,0,0,0,0,0,90,1260,0,0,0,0,0,105,0,0,0,0,0,0,0,0,0,0,0,0,0,0,0,0,0,0
Sascha,7510,270,0,0,0,0,0,0,0,0,0,0,0,0,30,0,0,0,0,0,0,720,0,0,0,0,0,0,0,4000,525,0,0,0,0,0,0,0,480,0,1020,0,0,0,0,0,735,0,0,0,0,0,0,0,0,0,0,0,0,0,0,0,0,0,0
Alf,7420,159,0,0,0,0,0,0,0,0,0,0,0,0,0,0,0,0,0,0,0,780,0,240,0,0,0,0,0,1025,3225,0,2150,0,0,0,0,0,0,0,0,0,0,0,0,0,0,0,0,0,0,0,0,0,0,0,0,0,0,0,0,0,0,0,0
Asterix,7410,198,0,0,0,0,0,0,0,0,0,0,0,0,0,0,0,0,0,0,0,540,0,0,0,0,0,0,25,2750,2475,0,1350,0,0,0,0,0,30,180,60,0,0,0,0,0,0,0,0,0,0,0,0,0,0,0,0,0,0,0,0,0,0,0,0
Philippe 2,6925,262,0,0,0,0,0,0,0,20,0,0,15,90,30,0,0,0,0,400,1360,960,0,680,0,0,0,0,1700,1025,75,0,300,0,0,0,0,0,30,180,60,0,0,0,0,0,0,0,0,0,0,0,0,0,0,0,0,0,0,0,0,0,0,0,0
Mahoni,6895,248,0,0,0,0,0,0,0,0,0,480,0,180,930,0,0,0,0,300,360,1620,0,640,0,0,0,0,175,825,375,0,650,0,0,0,0,0,60,180,120,0,0,0,0,0,0,0,0,0,0,0,0,0,0,0,0,0,0,0,0,0,0,0,0
Reckless,6625,220,0,0,0,0,0,0,0,0,0,0,0,0,0,0,0,0,0,0,0,0,0,0,0,0,0,0,175,3750,2100,0,600,0,0,0,0,0,0,0,0,0,0,0,0,0,0,0,0,0,0,0,0,0,0,0,0,0,0,0,0,0,0,0,0
Moony,6550,300,0,0,0,0,0,0,0,0,0,0,0,0,0,0,0,0,0,3140,320,120,0,280,0,0,0,0,1050,1150,0,0,400,0,0,0,0,0,0,90,0,0,0,0,0,0,0,0,0,0,0,0,0,0,0,0,0,0,0,0,0,0,0,0,0
Zeus,6485,191,0,0,0,0,0,0,0,0,0,0,0,0,0,0,0,0,0,0,0,1920,0,200,0,0,0,0,50,2375,450,0,800,0,0,0,0,0,90,0,600,0,0,0,0,0,0,0,0,0,0,0,0,0,0,0,0,0,0,0,0,0,0,0,0
Tyroler Bua,6270,325,0,0,0,0,0,0,0,590,0,180,795,315,330,0,0,0,0,320,880,360,0,400,0,0,0,0,125,1400,375,0,200,0,0,0,0,0,0,0,0,0,0,0,0,0,0,0,0,0,0,0,0,0,0,0,0,0,0,0,0,0,0,0,0
Alisea,6260,186,0,0,0,0,0,0,0,0,0,15,30,0,0,0,0,0,0,260,260,2880,0,840,0,0,0,0,425,850,0,0,700,0,0,0,0,0,0,0,0,0,0,0,0,0,0,0,0,0,0,0,0,0,0,0,0,0,0,0,0,0,0,0,0
FUBAR,6165,109,0,0,0,0,0,0,0,0,0,0,0,0,0,0,0,0,0,0,0,0,0,0,0,0,0,0,0,75,0,0,0,0,0,0,0,0,0,0,4200,0,0,0,0,0,1890,0,0,0,0,0,0,0,0,0,0,0,0,0,0,0,0,0,0
Hausarzt,6145,253,0,0,0,0,0,0,0,0,0,60,75,45,0,0,0,0,0,80,3180,1920,0,160,0,0,0,0,0,550,75,0,0,0,0,0,0,0,0,0,0,0,0,0,0,0,0,0,0,0,0,0,0,0,0,0,0,0,0,0,0,0,0,0,0
Fluxsfire,5835,138,0,0,0,0,0,0,0,0,0,30,0,0,0,0,0,0,0,20,0,4560,0,0,0,0,0,0,0,700,525,0,0,0,0,0,0,0,0,0,0,0,0,0,0,0,0,0,0,0,0,0,0,0,0,0,0,0,0,0,0,0,0,0,0
Metaur,5810,163,0,0,0,0,0,0,0,0,0,0,0,135,0,0,0,0,0,0,120,420,0,0,0,0,0,0,0,1925,1650,0,450,0,0,0,0,0,0,630,480,0,0,0,0,0,0,0,0,0,0,0,0,0,0,0,0,0,0,0,0,0,0,0,0
Julius Casar,5770,101,0,0,0,0,0,0,0,0,0,0,0,0,0,0,0,0,0,0,60,0,0,0,0,0,0,0,0,550,4800,0,150,0,0,0,0,0,120,90,0,0,0,0,0,0,0,0,0,0,0,0,0,0,0,0,0,0,0,0,0,0,0,0,0
DerBremer SK,5745,166,0,0,0,0,0,0,0,0,0,0,45,0,0,0,0,0,0,0,240,0,0,0,0,0,0,0,0,1425,2775,0,0,0,0,0,0,0,0,360,900,0,0,0,0,0,0,0,0,0,0,0,0,0,0,0,0,0,0,0,0,0,0,0,0
Strategus,5600,224,0,0,0,0,0,0,0,160,0,120,375,405,150,0,0,0,0,300,660,1140,0,640,0,0,0,0,175,625,600,0,250,0,0,0,0,0,0,0,0,0,0,0,0,0,0,0,0,0,0,0,0,0,0,0,0,0,0,0,0,0,0,0,0
Anararad,5485,165,0,0,0,0,0,0,0,0,0,15,0,0,0,0,0,0,0,0,0,0,0,0,0,0,0,0,0,925,75,0,0,0,0,0,0,0,0,810,3660,0,0,0,0,0,0,0,0,0,0,0,0,0,0,0,0,0,0,0,0,0,0,0,0
mimin,4940,166,0,0,0,0,0,0,0,0,0,150,0,0,660,0,0,0,0,100,240,120,0,120,0,0,0,0,0,1775,1275,0,500,0,0,0,0,0,0,0,0,0,0,0,0,0,0,0,0,0,0,0,0,0,0,0,0,0,0,0,0,0,0,0,0
Steiner,4925,171,0,0,0,0,0,0,0,0,0,0,90,135,0,0,0,0,0,0,420,240,0,840,0,0,0,0,0,1450,750,0,1000,0,0,0,0,0,0,0,0,0,0,0,0,0,0,0,0,0,0,0,0,0,0,0,0,0,0,0,0,0,0,0,0
BEEZLEBUB,4875,137,0,0,0,0,0,0,0,0,0,0,0,0,0,0,0,0,0,0,0,0,0,0,0,0,0,0,0,1000,1875,0,2000,0,0,0,0,0,0,0,0,0,0,0,0,0,0,0,0,0,0,0,0,0,0,0,0,0,0,0,0,0,0,0,0
Cenn,4850,148,0,0,0,0,0,0,0,0,0,0,0,0,0,0,0,0,0,0,0,3000,0,0,0,0,0,0,250,250,0,0,450,0,0,0,0,0,0,0,900,0,0,0,0,0,0,0,0,0,0,0,0,0,0,0,0,0,0,0,0,0,0,0,0
GoldRush,4845,177,0,0,0,0,0,0,0,0,0,0,0,0,0,0,0,0,0,0,0,0,0,0,0,0,0,0,100,875,3000,0,0,0,0,0,0,0,30,540,300,0,0,0,0,0,0,0,0,0,0,0,0,0,0,0,0,0,0,0,0,0,0,0,0
Alarich,4830,178,0,0,0,0,0,0,0,0,0,0,0,0,0,0,0,0,0,0,0,0,0,0,0,0,0,0,0,3300,0,0,0,0,0,0,0,0,30,900,600,0,0,0,0,0,0,0,0,0,0,0,0,0,0,0,0,0,0,0,0,0,0,0,0
Bruno,4780,210,0,0,0,0,0,0,0,0,0,0,0,0,0,0,0,0,0,80,0,0,0,0,0,0,0,0,0,4625,75,0,0,0,0,0,0,0,0,0,0,0,0,0,0,0,0,0,0,0,0,0,0,0,0,0,0,0,0,0,0,0,0,0,0
Sir Henry |,4780,193,0,0,0,0,0,0,0,0,0,45,30,1530,150,0,0,0,0,180,1640,360,0,320,0,0,0,0,325,0,0,0,200,0,0,0,0,0,0,0,0,0,0,0,0,0,0,0,0,0,0,0,0,0,0,0,0,0,0,0,0,0,0,0,0
Herzog Ropp,4540,145,0,0,0,0,0,0,0,0,0,0,0,0,0,0,0,0,0,0,0,0,0,0,0,0,0,0,50,2075,1350,0,300,0,0,0,0,0,120,270,60,0,0,0,0,0,315,0,0,0,0,0,0,0,0,0,0,0,0,0,0,0,0,0,0
Lord Ore,4415,192,0,0,0,0,0,0,0,0,0,0,0,0,0,0,0,0,0,0,0,0,0,0,0,0,0,0,25,4000,75,0,0,0,0,0,0,0,0,90,120,0,0,0,0,0,105,0,0,0,0,0,0,0,0,0,0,0,0,0,0,0,0,0,0
Feldjager,4400,143,0,0,0,0,0,0,0,0,0,0,0,0,0,0,0,0,0,0,0,0,0,0,0,0,0,0,0,1825,1125,0,1450,0,0,0,0,0,0,0,0,0,0,0,0,0,0,0,0,0,0,0,0,0,0,0,0,0,0,0,0,0,0,0,0
WaLdl,4190,506,0,0,0,0,0,0,0,0,0,0,0,0,0,0,0,0,0,80,0,2340,0,320,0,0,0,0,250,1025,75,0,100,0,0,0,0,0,0,0,0,0,0,0,0,0,0,0,0,0,0,0,0,0,0,0,0,0,0,0,0,0,0,0,0
OsmanliTorunu,3935,123,0,0,0,0,0,0,0,0,0,0,0,0,0,0,0,0,0,0,0,60,0,40,0,0,0,0,75,1775,1725,0,200,0,0,0,0,0,60,0,0,0,0,0,0,0,0,0,0,0,0,0,0,0,0,0,0,0,0,0,0,0,0,0,0
Ragnar Ansgar,3665,134,0,0,0,0,0,0,0,0,0,0,0,0,0,0,0,0,0,20,1420,1380,0,520,0,0,0,0,0,325,0,0,0,0,0,0,0,0,0,0,0,0,0,0,0,0,0,0,0,0,0,0,0,0,0,0,0,0,0,0,0,0,0,0,0
Bafur,3665,171,0,0,0,0,0,0,0,0,0,0,0,450,150,0,0,0,0,180,600,480,0,400,0,0,0,0,275,625,75,0,400,0,0,0,0,0,30,0,0,0,0,0,0,0,0,0,0,0,0,0,0,0,0,0,0,0,0,0,0,0,0,0,0
Schaanwald,3650,143,0,0,0,0,0,0,0,0,0,0,0,0,0,0,0,0,0,980,40,360,0,240,0,0,0,0,325,1175,300,0,50,0,0,0,0,0,0,180,0,0,0,0,0,0,0,0,0,0,0,0,0,0,0,0,0,0,0,0,0,0,0,0,0
Birgit,3385,154,0,0,0,0,0,0,0,0,0,0,0,0,60,0,0,0,0,340,1600,780,0,480,0,0,0,0,0,125,0,0,0,0,0,0,0,0,0,0,0,0,0,0,0,0,0,0,0,0,0,0,0,0,0,0,0,0,0,0,0,0,0,0,0
Dacage,3325,130,0,0,0,0,0,0,0,0,0,30,0,0,0,0,0,0,0,200,20,0,0,0,0,0,0,0,300,1850,225,0,700,0,0,0,0,0,0,0,0,0,0,0,0,0,0,0,0,0,0,0,0,0,0,0,0,0,0,0,0,0,0,0,0
Tango12,3220,152,0,0,0,0,0,0,0,20,0,0,90,135,0,0,0,0,0,1000,620,180,0,0,0,0,0,0,0,950,75,0,150,0,0,0,0,0,0,0,0,0,0,0,0,0,0,0,0,0,0,0,0,0,0,0,0,0,0,0,0,0,0,0,0
Fux,3175,84,0,0,0,0,0,0,0,0,0,0,0,0,0,0,0,0,0,0,0,0,0,0,0,0,0,0,125,200,2850,0,0,0,0,0,0,0,0,0,0,0,0,0,0,0,0,0,0,0,0,0,0,0,0,0,0,0,0,0,0,0,0,0,0
Sir Met,3120,122,0,0,0,0,0,0,0,10,0,0,0,45,90,0,0,0,0,60,40,120,0,80,0,0,0,0,0,2000,675,0,0,0,0,0,0,0,0,0,0,0,0,0,0,0,0,0,0,0,0,0,0,0,0,0,0,0,0,0,0,0,0,0,0
Arminius,3065,162,0,0,0,0,0,0,0,0,0,45,1080,135,60,0,0,0,0,40,360,420,0,0,0,0,0,0,0,625,300,0,0,0,0,0,0,0,0,0,0,0,0,0,0,0,0,0,0,0,0,0,0,0,0,0,0,0,0,0,0,0,0,0,0
Keratius,2995,101,0,0,0,0,0,0,0,0,0,0,0,0,0,0,0,0,0,40,160,480,0,40,0,0,0,0,0,1150,1125,0,0,0,0,0,0,0,0,0,0,0,0,0,0,0,0,0,0,0,0,0,0,0,0,0,0,0,0,0,0,0,0,0,0
Felabar,2940,90,0,0,0,0,0,0,0,10,0,90,60,225,0,0,0,0,0,200,140,780,0,360,0,0,0,0,0,250,825,0,0,0,0,0,0,0,0,0,0,0,0,0,0,0,0,0,0,0,0,0,0,0,0,0,0,0,0,0,0,0,0,0,0
Runebinder,2915,123,0,0,0,0,0,0,0,0,0,0,0,0,0,0,0,0,0,0,0,0,0,0,0,0,0,0,0,2400,225,0,200,0,0,0,0,0,0,90,0,0,0,0,0,0,0,0,0,0,0,0,0,0,0,0,0,0,0,0,0,0,0,0,0
Montrius,2850,182,0,0,0,0,0,0,0,600,0,30,480,315,30,0,0,0,0,40,420,180,0,0,0,0,0,0,75,175,225,0,100,0,0,0,0,0,0,180,0,0,0,0,0,0,0,0,0,0,0,0,0,0,0,0,0,0,0,0,0,0,0,0,0
Leviathan,2790,98,0,0,0,0,0,0,0,20,0,0,0,90,0,0,0,0,0,0,340,420,0,40,0,0,0,0,225,550,975,0,100,0,0,0,0,0,30,0,0,0,0,0,0,0,0,0,0,0,0,0,0,0,0,0,0,0,0,0,0,0,0,0,0
Zololar,2745,117,0,0,0,0,0,0,0,0,0,0,0,0,0,0,0,0,0,20,0,0,0,0,0,0,0,0,1025,1175,225,0,300,0,0,0,0,0,0,0,0,0,0,0,0,0,0,0,0,0,0,0,0,0,0,0,0,0,0,0,0,0,0,0,0
Promozion,2705,132,0,0,0,0,0,0,0,100,0,120,510,180,270,0,0,0,0,80,300,660,0,160,0,0,0,0,50,75,150,0,50,0,0,0,0,0,0,0,0,0,0,0,0,0,0,0,0,0,0,0,0,0,0,0,0,0,0,0,0,0,0,0,0
Thommy,2225,62,0,0,0,0,0,0,0,0,0,0,0,0,0,0,0,0,0,0,0,0,0,0,0,0,0,0,0,425,0,0,0,0,0,0,0,0,0,1080,720,0,0,0,0,0,0,0,0,0,0,0,0,0,0,0,0,0,0,0,0,0,0,0,0
Roin,2125,66,0,0,0,0,0,0,0,0,0,0,0,0,0,0,0,0,0,0,0,0,0,0,0,0,0,0,0,925,1200,0,0,0,0,0,0,0,0,0,0,0,0,0,0,0,0,0,0,0,0,0,0,0,0,0,0,0,0,0,0,0,0,0,0
Landfleischerei,2070,90,0,0,0,0,0,0,0,0,0,0,0,0,0,0,0,0,0,0,0,120,0,0,0,0,0,0,0,525,75,0,0,0,0,0,0,0,0,630,720,0,0,0,0,0,0,0,0,0,0,0,0,0,0,0,0,0,0,0,0,0,0,0,0
Schwabe,2050,38,0,0,0,0,0,0,0,0,0,0,0,0,0,0,0,0,0,0,0,0,0,0,0,0,0,0,0,375,1575,0,100,0,0,0,0,0,0,0,0,0,0,0,0,0,0,0,0,0,0,0,0,0,0,0,0,0,0,0,0,0,0,0,0
Drachen1,2050,90,0,0,0,0,0,0,0,0,0,0,0,0,0,0,0,0,0,0,60,0,0,0,0,0,0,0,0,1000,150,0,450,0,0,0,0,0,0,90,300,0,0,0,0,0,0,0,0,0,0,0,0,0,0,0,0,0,0,0,0,0,0,0,0
Sir Ruad,1825,76,0,0,0,0,0,0,0,0,0,0,0,0,0,0,0,0,0,0,0,0,0,0,0,0,0,0,0,1325,0,0,500,0,0,0,0,0,0,0,0,0,0,0,0,0,0,0,0,0,0,0,0,0,0,0,0,0,0,0,0,0,0,0,0
nobs,1765,65,0,0,0,0,0,0,0,0,0,0,0,0,0,0,0,0,0,0,0,60,0,0,0,0,0,0,25,300,900,0,300,0,0,0,0,0,0,0,180,0,0,0,0,0,0,0,0,0,0,0,0,0,0,0,0,0,0,0,0,0,0,0,0
Bofur,1695,54,0,0,0,0,0,0,0,0,0,0,0,90,60,0,0,0,0,40,140,360,0,200,0,0,0,0,400,75,150,0,150,0,0,0,0,0,30,0,0,0,0,0,0,0,0,0,0,0,0,0,0,0,0,0,0,0,0,0,0,0,0,0,0
Mo Alking,1500,35,0,0,0,0,0,0,0,0,0,0,0,0,0,0,0,0,0,0,120,180,0,0,0,0,0,0,0,225,975,0,0,0,0,0,0,0,0,0,0,0,0,0,0,0,0,0,0,0,0,0,0,0,0,0,0,0,0,0,0,0,0,0,0
Darkhammer,1450,70,0,0,0,0,0,0,0,0,0,0,30,0,0,0,0,0,0,0,20,0,0,0,0,0,0,0,0,825,0,0,50,0,0,0,0,0,0,180,240,0,0,0,0,0,105,0,0,0,0,0,0,0,0,0,0,0,0,0,0,0,0,0,0
Snowweaver,1325,65,0,0,0,0,0,0,0,0,0,0,45,0,0,0,0,0,0,0,600,600,0,80,0,0,0,0,0,0,0,0,0,0,0,0,0,0,0,0,0,0,0,0,0,0,0,0,0,0,0,0,0,0,0,0,0,0,0,0,0,0,0,0,0
Engelchen,1310,33,0,0,0,0,0,0,0,10,0,15,15,45,0,0,0,0,0,20,220,960,0,0,0,0,0,0,0,25,0,0,0,0,0,0,0,0,0,0,0,0,0,0,0,0,0,0,0,0,0,0,0,0,0,0,0,0,0,0,0,0,0,0,0
Darksion500,1100,44,0,0,0,0,0,0,0,30,0,0,15,630,0,0,0,0,0,20,40,300,0,40,0,0,0,0,0,25,0,0,0,0,0,0,0,0,0,0,0,0,0,0,0,0,0,0,0,0,0,0,0,0,0,0,0,0,0,0,0,0,0,0,0
Cordaginn,1015,28,0,0,0,0,0,0,0,0,0,0,0,0,0,0,0,0,0,0,0,0,0,0,0,0,0,0,0,550,75,0,0,0,0,0,0,0,0,0,180,0,0,0,0,0,210,0,0,0,0,0,0,0,0,0,0,0,0,0,0,0,0,0,0
Darloting,855,29,0,0,0,0,0,0,0,0,0,0,30,0,0,0,0,0,0,0,280,120,0,0,0,0,0,0,0,175,150,0,100,0,0,0,0,0,0,0,0,0,0,0,0,0,0,0,0,0,0,0,0,0,0,0,0,0,0,0,0,0,0,0,0
Pizzzzzzaaaa und,825,39,0,0,0,0,0,0,0,0,0,0,0,0,0,0,0,0,0,0,0,0,0,0,0,0,0,0,0,575,0,0,250,0,0,0,0,0,0,0,0,0,0,0,0,0,0,0,0,0,0,0,0,0,0,0,0,0,0,0,0,0,0,0,0
Alexa Elly,780,32,0,0,0,0,0,0,0,0,0,0,0,0,0,0,0,0,0,0,180,600,0,0,0,0,0,0,0,0,0,0,0,0,0,0,0,0,0,0,0,0,0,0,0,0,0,0,0,0,0,0,0,0,0,0,0,0,0,0,0,0,0,0,0
Meg,675,67,0,0,0,0,0,0,0,10,0,0,0,45,0,0,0,0,0,0,0,0,0,0,0,0,0,0,0,350,0,0,0,0,0,0,0,0,0,0,60,0,0,0,0,0,210,0,0,0,0,0,0,0,0,0,0,0,0,0,0,0,0,0,0
Maverick,350,27,0,0,0,0,0,0,0,0,0,0,0,0,0,0,0,0,0,0,0,0,0,0,0,0,0,0,0,350,0,0,0,0,0,0,0,0,0,0,0,0,0,0,0,0,0,0,0,0,0,0,0,0,0,0,0,0,0,0,0,0,0,0,0
Montelino,300,10,0,0,0,0,0,0,0,0,0,0,0,0,0,0,0,0,0,0,0,0,0,0,0,0,0,0,0,225,75,0,0,0,0,0,0,0,0,0,0,0,0,0,0,0,0,0,0,0,0,0,0,0,0,0,0,0,0,0,0,0,0,0,0
Murmeltiger,250,11,0,0,0,0,0,0,0,0,0,0,0,0,0,0,0,0,0,0,0,0,0,0,0,0,0,0,0,250,0,0,0,0,0,0,0,0,0,0,0,0,0,0,0,0,0,0,0,0,0,0,0,0,0,0,0,0,0,0,0,0,0,0,0
Obelix,235,7,0,0,0,0,0,0,0,0,0,0,15,0,0,0,0,0,0,0,0,60,0,160,0,0,0,0,0,0,0,0,0,0,0,0,0,0,0,0,0,0,0,0,0,0,0,0,0,0,0,0,0,0,0,0,0,0,0,0,0,0,0,0,0
Montfalcon little,140,11,0,0,0,0,0,0,0,0,0,0,0,0,0,0,0,0,0,0,140,0,0,0,0,0,0,0,0,0,0,0,0,0,0,0,0,0,0,0,0,0,0,0,0,0,0,0,0,0,0,0,0,0,0,0,0,0,0,0,0,0,0,0,0
D4rkBlizZ4rD,105,7,0,0,0,0,0,0,0,10,0,0,75,0,0,0,0,0,0,0,20,0,0,0,0,0,0,0,0,0,0,0,0,0,0,0,0,0,0,0,0,0,0,0,0,0,0,0,0,0,0,0,0,0,0,0,0,0,0,0,0,0,0,0,0
Parmesan Hawaiiiilili,50,2,0,0,0,0,0,0,0,0,0,0,0,0,0,0,0,0,0,0,0,0,0,0,0,0,0,0,0,50,0,0,0,0,0,0,0,0,0,0,0,0,0,0,0,0,0,0,0,0,0,0,0,0,0,0,0,0,0,0,0,0,0,0,0
Parmesan Hawaiiilili,50,2,0,0,0,0,0,0,0,0,0,0,0,0,0,0,0,0,0,0,0,0,0,0,0,0,0,0,0,50,0,0,0,0,0,0,0,0,0,0,0,0,0,0,0,0,0,0,0,0,0,0,0,0,0,0,0,0,0,0,0,0,0,0,0
Truhenzahler,45,3,0,0,0,0,0,0,0,0,0,0,45,0,0,0,0,0,0,0,0,0,0,0,0,0,0,0,0,0,0,0,0,0,0,0,0,0,0,0,0,0,0,0,0,0,0,0,0,0,0,0,0,0,0,0,0,0,0,0,0,0,0,0,0
Fali,0,16,0,0,0,0,0,0,0,0,0,0,0,0,0,0,0,0,0,0,0,0,0,0,0,0,0,0,0,0,0,0,0,0,0,0,0,0,0,0,0,0,0,0,0,0,0,0,0,0,0,0,0,0,0,0,0,0,0,0,0,0,0,0,0
Meister Eder,0,1,0,0,0,0,0,0,0,0,0,0,0,0,0,0,0,0,0,0,0,0,0,0,0,0,0,0,0,0,0,0,0,0,0,0,0,0,0,0,0,0,0,0,0,0,0,0,0,0,0,0,0,0,0,0,0,0,0,0,0,0,0,0,0
